cell,orientations,dims,feat_time_s,fit_time_s,Accuracy,Precision,Recall,F1
4,6,23064,1.560602818999996,1.9446144140000001,0.7273542600896861,0.7524752475247525,0.8048411497730711,0.7777777777777778
4,9,34596,2.179297805999994,2.1830822439999906,0.7318385650224215,0.7479452054794521,0.8260211800302572,0.7850467289719626
4,12,46128,3.444538424000001,2.141575146000008,0.7094170403587444,0.7311385459533608,0.8063540090771558,0.7669064748201438
8,6,5400,0.3576023649999911,0.6530546700000173,0.7327354260089686,0.7581792318634424,0.8063540090771558,0.781524926686217
8,9,8100,0.44585959800002684,0.66799819000002,0.7704035874439462,0.7808599167822469,0.8517397881996974,0.8147612156295224
8,12,10800,0.5445480989999965,0.7152633800000103,0.7273542600896861,0.7553648068669528,0.7987897125567323,0.7764705882352941
16,6,1176,0.2309609250000051,0.709389759000004,0.7399103139013453,0.7764530551415797,0.7881996974281392,0.7822822822822822
16,9,1764,0.2678931959999886,0.6363638690000073,0.7650224215246637,0.7920937042459737,0.8184568835098336,0.8050595238095238
16,12,2352,0.30087753600000156,0.6324920319999876,0.7515695067264574,0.7798833819241983,0.8093797276853253,0.7943578322197475
