Condition,Level,Accuracy_base,F1_base,Accuracy_aug,F1_aug
Clean,-,0.7773613193403298,0.819452887537994,0.719640179910045,0.7699876998769988
Brightness,x0.5,0.7773613193403298,0.819452887537994,0.719640179910045,0.7699876998769988
Brightness,x0.75,0.7773613193403298,0.819452887537994,0.719640179910045,0.7699876998769988
Brightness,x1.5,0.7623688155922039,0.8168688619295205,0.684407796101949,0.7386716325263811
Gaussian noise,sigma=10,0.4205397301349325,0.08736717827626919,0.5652173913043478,0.6343001261034048
Gaussian noise,sigma=25,0.3950524737631184,0.0,0.5307346326836582,0.589238845144357
Gaussian noise,sigma=50,0.3950524737631184,0.0,0.5299850074962519,0.5777777777777777
Rotation,5 deg,0.6536731634182908,0.7678391959798995,0.6694152923538231,0.737343656938654
Rotation,15 deg,0.6476761619190404,0.7673267326732673,0.6499250374812594,0.732378223495702
Rotation,30 deg,0.6424287856071964,0.7639782285997031,0.6349325337331334,0.7231381466742467
Blur,sigma=1,0.6056971514242878,0.7542056074766356,0.6679160419790104,0.7532033426183844
Blur,sigma=2,0.6049475262368815,0.7538533395609528,0.6326836581709145,0.7557328015952144
Blur,sigma=3,0.6049475262368815,0.7538533395609528,0.6041979010494752,0.7528089887640449
