Condition,Level,Accuracy,F1,dAcc,dF1
Clean,-,0.7578710644677661,0.8146873207114171,0.0,0.0
Brightness,x0.5,0.7578710644677661,0.8146873207114171,0.0,0.0
Brightness,x0.75,0.7578710644677661,0.8146873207114171,0.0,0.0
Brightness,x1.5,0.7451274362818591,0.8146128680479825,-0.012743628185907019,-7.445266343464318e-05
Gaussian noise,sigma=10,0.4340329835082459,0.12716763005780346,-0.3238380809595202,-0.6875196906536136
Gaussian noise,sigma=25,0.3950524737631184,0.0,-0.36281859070464767,-0.8146873207114171
Gaussian noise,sigma=50,0.3950524737631184,0.0,-0.36281859070464767,-0.8146873207114171
Rotation,5 deg,0.6649175412293853,0.7794770596941293,-0.0929535232383808,-0.03521026101728786
Rotation,15 deg,0.6529235382308846,0.7729279058361942,-0.10494752623688153,-0.041759414875222944
Rotation,30 deg,0.6431784107946027,0.770048309178744,-0.11469265367316339,-0.044639011532673134
Blur,sigma=1,0.6049475262368815,0.7538533395609528,-0.15292353823088456,-0.060833981150464345
Blur,sigma=2,0.6049475262368815,0.7538533395609528,-0.15292353823088456,-0.060833981150464345
Blur,sigma=3,0.6049475262368815,0.7538533395609528,-0.15292353823088456,-0.060833981150464345
